<?xml version="1.0"?>

<config xmlns:xsi="http://www.w3.org/2001/XMLSchema-instance" xsi:noNamespaceSchemaLocation="urn:magento:framework:ObjectManager/etc/config.xsd">
    <type name="Magento\Framework\View\Element\UiComponent\DataProvider\DataProvider">
        <plugin name="Manh_ChuPer::DataProvider" type="Manh\Chu\Plugin\DataProvider" sortOrder="300" />
    </type>
    <type name="Magento\Framework\View\Element\UiComponent\DataProvider\CollectionFactory">
        <plugin name="Manh_ChuPer::DataProviderCollectionFactory" type="Manh\Chu\Plugin\DataProviderCollectionFactory"/>
    </type>
    <type name="Magento\Sales\Block\Adminhtml\Order\Create\Form\Account">
        <plugin name="Manh_ChuPer::OrderCreateFormAccount" type="Manh\Chu\Plugin\OrderCreateFormAccount"/>
    </type>
    <type name="Magento\Sales\Model\ResourceModel\Order\Customer\Collection">
        <plugin name="Manh_ChuPer::OrderCustomerCollection" type="Manh\Chu\Plugin\OrderCustomerCollection"/>
    </type>
    <type name="Magento\Customer\Model\Customer\Attribute\Source\Group">
        <plugin name="Manh_ChuPer::CustomerAttributeSourceGroup" type="Manh\Chu\Plugin\CustomerAttributeSourceGroup"/>
    </type>
    <type name="Magento\Widget\Block\Adminhtml\Widget">
        <plugin name="Manh_ChuPer::Widget" type="Manh\Chu\Plugin\Widget"/>
    </type>
    <type name="Magento\Reports\Model\ResourceModel\Customer\Collection">
        <plugin name="manh_perm_backend_dashboard_customers_newest" type="Manh\Chu\Plugin\BackendDashboardCustomersNewest"/>
    </type>
    <type name="Magento\Backend\Block\Dashboard\Tab\Customers\Most">
        <plugin name="manh_perm_backend_dashboard_customers_most" type="Manh\Chu\Plugin\BackendDashboardCustomersMost"/>
    </type>
    <type name="Magento\Backend\Block\Dashboard\Orders\Grid">
        <plugin name="manh_perm_reports_order_collection" type="Manh\Chu\Plugin\BackendDashboardOrdersGrid"/>
    </type>
</config>