<?xml version="1.0"?>

<config xmlns:xsi="http://www.w3.org/2001/XMLSchema-instance" xsi:noNamespaceSchemaLocation="urn:magento:framework:Event/etc/events.xsd">
    <event name="authorization_roles_save_after">
        <observer name="manh_perm_authorization_role_save_after" instance="Manh\Chu\Observer\AuthorizationRoleSaveAfterObserver" />
    </event>
    <event name="admin_user_save_after">
        <observer name="manh_perm_admin_user_save_after" instance="Manh\Chu\Observer\AdminUserSaveAfterObserver" />
    </event>
    <event name="sales_order_load_after">
        <observer name="manh_perm_sales_order_load_after" instance="Manh\Chu\Observer\SalesOrderLoadAfterObserver" />
    </event>
    <event name="customer_load_after">
        <observer name="manh_perm_customer_load_after" instance="Manh\Chu\Observer\CustomerLoadAfterObserver" />
    </event>
</config>