<application>
  <component name="ExportableFileTemplateSettings">
    <internal_templates>
      <template name="Magento ACL XML.xml" file-name="acl.xml" reformat="true" live-template-enabled="false" enabled="true" />
      <template name="Magento Config XML.xml" file-name="config.xml" reformat="true" live-template-enabled="false" enabled="true" />
      <template name="Magento DI XML.xml" file-name="di.xml" reformat="true" live-template-enabled="false" enabled="true" />
      <template name="Magento Events XML.xml" file-name="events.xml" reformat="true" live-template-enabled="false" enabled="true" />
      <template name="Magento Routes XML.xml" file-name="routes.xml" reformat="true" live-template-enabled="false" enabled="true" />
      <template name="Magento System XML.xml" file-name="system.xml" reformat="true" live-template-enabled="false" enabled="true" />
      <template name="Magento Widget XML.xml" file-name="widget.xml" reformat="true" live-template-enabled="false" enabled="true" />
    </internal_templates>
  </component>
</application>