<application>
  <component name="FindSettings">
    <option name="caseSensitive" value="true" />
    <option name="customScope" value="All Places" />
    <option name="defaultScopeName" value="All Places" />
    <option name="CASE_SENSITIVE_SEARCH" value="true" />
    <option name="SEARCH_SCOPE" value="All Places" />
    <mask>*.css</mask>
    <mask>*.inc</mask>
    <mask>*.php5</mask>
    <mask>*.php4</mask>
    <mask>*.module</mask>
    <mask>*.hphp</mask>
    <mask>*.ctp</mask>
    <mask>*listing.xml</mask>
    <mask>*_form.xml</mask>
    <mask>routes.xml</mask>
    <mask>catalog_product_view.xml</mask>
    <mask>*.less</mask>
    <mask>di.xml</mask>
    <mask>*_view.xml</mask>
    <mask>composer.*</mask>
    <mask>*.html</mask>
    <mask>requirejs-config.js</mask>
    <mask>*account_login.xml</mask>
    <mask>*.js</mask>
    <mask>system.xml</mask>
    <mask>*.php</mask>
    <mask>*.gql.*</mask>
    <mask>*.graphqls</mask>
    <mask>*.xml</mask>
    <mask>*.phtml</mask>
    <mask>*_success.xml</mask>
  </component>
</application>