<application>
  <component name="CachedDictionaryState">
    <words>
      <w>advancedbookingsystem</w>
      <w>amasty</w>
      <w>amshopby</w>
      <w>couldn</w>
      <w>eventslots</w>
      <w>gamuda</w>
      <w>hatio</w>
      <w>ipay</w>
      <w>jsonf</w>
      <w>klavioy</w>
      <w>mageplus</w>
      <w>mppartner</w>
      <w>mppartners</w>
      <w>mpproject</w>
      <w>mpquote</w>
      <w>mpslider</w>
      <w>nagento</w>
      <w>otps</w>
      <w>phtml</w>
      <w>pricebook</w>
      <w>quickview</w>
      <w>shopby</w>
      <w>topmenu</w>
      <w>webkul</w>
      <w>xilnex</w>
      <w>yesno</w>
    </words>
  </component>
</application>