<?xml version="1.0"?>


<config xmlns:xsi="http://www.w3.org/2001/XMLSchema-instance" xsi:noNamespaceSchemaLocation="urn:magento:framework:ObjectManager/etc/config.xsd">
    <type name="Magento\Checkout\Model\CompositeConfigProvider">
        <arguments>
            <argument name="configProviders" xsi:type="array">
                <item name="manh_perm_dealer_config_provider" xsi:type="object">Manh\Chu\Model\DealerConfigProvider</item>
            </argument>
        </arguments>
    </type>
</config>