{
    "manh_perm_role": {
        "column": {
            "entity_id": true,
            "role_id": true
        },
        "constraint": {
            "PRIMARY": true,
            "MANH_PERM_ROLE_ROLE_ID_AUTHORIZATION_ROLE_ROLE_ID": true
        }
    },
    "manh_perm_dealer": {
        "column": {
            "entity_id": true,
            "role_id": true,
            "user_id": true,
            "description": true,
            "emails": true,
            "customer_group_ids": true
        },
        "constraint": {
            "PRIMARY": true,
            "MANH_PERM_DEALER_ROLE_ID_MANH_PERM_ROLE_ENTITY_ID": true,
            "MANH_PERM_DEALER_USER_ID_ADMIN_USER_USER_ID": true,
            "MANH_PERM_DEALER_USER_ID": true
        }
    },
    "manh_perm_dealer_customer": {
        "column": {
            "entity_id": true,
            "dealer_id": true,
            "customer_id": true
        },
        "constraint": {
            "PRIMARY": true,
            "MANH_PERM_DEALER_CSTR_DEALER_ID_MANH_PERM_DEALER_ENTT_ID": true,
            "MANH_PERM_DEALER_CSTR_CSTR_ID_CSTR_ENTT_ENTT_ID": true,
            "MANH_PERM_DEALER_CUSTOMER_DEALER_ID_CUSTOMER_ID": true
        }
    },
    "manh_perm_dealer_order": {
        "column": {
            "entity_id": true,
            "dealer_id": true,
            "order_id": true,
            "contactname": true
        },
        "constraint": {
            "PRIMARY": true,
            "MANH_PERM_DEALER_ORDER_DEALER_ID_MANH_PERM_DEALER_ENTITY_ID": true,
            "MANH_PERM_DEALER_ORDER_ORDER_ID_SALES_ORDER_ENTITY_ID": true,
            "MANH_PERM_DEALER_ORDER_DEALER_ID_ORDER_ID": true
        }
    },
    "manh_perm_dealer_order_assign_history": {
        "column": {
            "entity_id": true,
            "parent_id": true,
            "is_dealer_notified": true,
            "comment": true,
            "author_dealer_id": true,
            "author_dealer_contactname": true,
            "from_dealer_id": true,
            "from_dealer_contactname": true,
            "to_dealer_id": true,
            "to_dealer_contactname": true,
            "created_at": true
        },
        "index": {
            "MANH_PERM_DEALER_ORDER_ASSIGN_HISTORY_PARENT_ID": true,
            "MANH_PERM_DEALER_ORDER_ASSIGN_HISTORY_CREATED_AT": true
        },
        "constraint": {
            "PRIMARY": true,
            "FK_49358C2B456B3DC5CDB2B24963A295E3": true
        }
    }
}