<?xml version="1.0"?>

<config xmlns:xsi="http://www.w3.org/2001/XMLSchema-instance" xsi:noNamespaceSchemaLocation="urn:magento:framework:ObjectManager/etc/config.xsd">
    <type name="Magento\Sales\Model\Service\OrderService">
        <plugin name="Manh_ChuPer::OrderService" type="Manh\Chu\Plugin\OrderService"/>
    </type>

    <type name="Magento\Sales\Model\Order\Email\Sender\OrderSender">
        <plugin name="Manh_ChuPer::OrderEmailSenderOrderSender" type="Manh\Chu\Plugin\OrderEmailSenderOrderSender"/>
    </type>

    <type name="Magento\Sales\Model\Order\Email\Container\OrderIdentity">
        <plugin name="Manh_ChuPer::OrderEmailSenderOrderSender" type="Manh\Chu\Plugin\OrderEmailContainerOrderIdentity"/>
    </type>
    <type name="Magento\Customer\Model\Customer\DataProvider">
        <plugin name="Manh_ChuPer::CustomerDataProvider" type="Manh\Chu\Plugin\CustomerDataProvider"/>
    </type>
    <type name="Magento\Customer\Model\Customer\DataProviderWithDefaultAddresses">
        <plugin name="Manh_ChuPer::CustomerDataProvider" type="Manh\Chu\Plugin\CustomerDataProvider"/>
    </type>
    <type name="Magento\Email\Model\Template">
        <plugin name="Manh_ChuPer::EmailTemplateVariable" type="Manh\Chu\Plugin\Email\Model\Template" />
    </type>
</config>
