<?xml version="1.0"?>

<config xmlns:xsi="http://www.w3.org/2001/XMLSchema-instance" xsi:noNamespaceSchemaLocation="urn:magento:framework:Event/etc/events.xsd">
    <event name="customer_save_after">
        <observer name="manh_customer_save_after" instance="Manh\Chu\Observer\CustomerSaveAfterObserver" />
    </event>
    <event name="email_order_set_template_vars_before">
        <observer name="manh_email_order_set_template_vars_before" instance="Manh\Chu\Observer\EmailOrderSetTemplateVarsBefore" />
    </event>
    <event name="email_order_comment_set_template_vars_before">
        <observer name="manh_email_order_comment_set_template_vars_before" instance="Manh\Chu\Observer\EmailOrderSetTemplateVarsBefore" />
    </event>
    <event name="email_shipment_set_template_vars_before">
        <observer name="manh_email_shipment_set_template_vars_before" instance="Manh\Chu\Observer\EmailOrderSetTemplateVarsBefore" />
    </event>
    <event name="email_shipment_comment_set_template_vars_before">
        <observer name="manh_email_shipment_comment_set_template_vars_before" instance="Manh\Chu\Observer\EmailOrderSetTemplateVarsBefore" />
    </event>
    <event name="email_invoice_set_template_vars_before">
        <observer name="manh_email_invoice_set_template_vars_before" instance="Manh\Chu\Observer\EmailOrderSetTemplateVarsBefore" />
    </event>
    <event name="email_invoice_comment_set_template_vars_before">
        <observer name="manh_email_invoice_comment_set_template_vars_before" instance="Manh\Chu\Observer\EmailOrderSetTemplateVarsBefore" />
    </event>
    <event name="email_creditmemo_set_template_vars_before">
        <observer name="manh_email_creditmemo_set_template_vars_before" instance="Manh\Chu\Observer\EmailOrderSetTemplateVarsBefore" />
    </event>
    <event name="email_creditmemo_comment_set_template_vars_before">
        <observer name="manh_email_creditmemo_comment_set_template_vars_before" instance="Manh\Chu\Observer\EmailOrderSetTemplateVarsBefore" />
    </event>
</config>
