<?xml version="1.0"?>


<config xmlns:xsi="http://www.w3.org/2001/XMLSchema-instance" xsi:noNamespaceSchemaLocation="urn:magento:framework:ObjectManager/etc/config.xsd">
    <type name="Magento\Customer\Model\Customer\DataProvider">
        <plugin name="Manh_chu::addCustomerCompanyId" type="Manh\Chu\Plugin\Customer\Model\Customer\DataProviderPlugin"/>
    </type>

    <type name="Magento\Customer\Model\Customer\DataProviderWithDefaultAddresses">
        <plugin name="Manh_chu::addCustomerCompanyId" type="Manh\Chu\Plugin\Customer\Model\Customer\DataProviderPlugin"/>
    </type>

    <type name="Magento\Framework\View\Element\UiComponent\DataProvider\Reporting">
        <plugin name="Manh_chu::salesGridCollection"
                type="Manh\Chu\Plugin\Framework\View\Element\UiComponent\DataProvider\ReportingPlugin"/>
    </type>

    <type name="Magento\Customer\Model\ResourceModel\Grid\Collection">
        <plugin name="Manh_chu::customerCompanyFilter"
                type="Manh\Chu\Plugin\Customer\Model\ResourceModel\Grid\CollectionPlugin"/>
    </type>

    <virtualType name="Manh\Chu\Model\Source\NewCompanyRequestEmailTemplate" type="Manh\Chu\Model\Source\AbstractTemplate">
        <arguments>
            <argument name="origTemplateCode" xsi:type="string">manh_companyaccount_admin_notif_new_company_request</argument>
        </arguments>
    </virtualType>

    <virtualType name="Manh\Chu\Model\Source\NewCompanyEmailTemplate" type="Manh\Chu\Model\Source\AbstractTemplate">
        <arguments>
            <argument name="origTemplateCode" xsi:type="string">manh_companyaccount_admin_notif_new_company_create</argument>
        </arguments>
    </virtualType>

    <virtualType name="Manh\Chu\Model\Source\SalesRepresentativeEmailTemplate" type="Manh\Chu\Model\Source\AbstractTemplate">
        <arguments>
            <argument name="origTemplateCode" xsi:type="string">manh_companyaccount_admin_notif_sales_representative_appointment</argument>
        </arguments>
    </virtualType>

    <virtualType name="Manh\Chu\Model\Source\CompanyActiveEmailTemplate" type="Manh\Chu\Model\Source\AbstractTemplate">
        <arguments>
            <argument name="origTemplateCode" xsi:type="string">manh_companyaccount_customer_notif_active_status</argument>
        </arguments>
    </virtualType>

    <virtualType name="Manh\Chu\Model\Source\CompanyInactiveEmailTemplate" type="Manh\Chu\Model\Source\AbstractTemplate">
        <arguments>
            <argument name="origTemplateCode" xsi:type="string">manh_companyaccount_customer_notif_inactive_status</argument>
        </arguments>
    </virtualType>

    <virtualType name="Manh\Chu\Model\Source\CompanyRejectEmailTemplate" type="Manh\Chu\Model\Source\AbstractTemplate">
        <arguments>
            <argument name="origTemplateCode" xsi:type="string">manh_companyaccount_customer_notif_rejected_status</argument>
        </arguments>
    </virtualType>

    <virtualType name="Manh\Chu\Model\Source\CustomerCompanyLinkEmailTemplate" type="Manh\Chu\Model\Source\AbstractTemplate">
        <arguments>
            <argument name="origTemplateCode" xsi:type="string">manh_companyaccount_customer_notif_customer_linking</argument>
        </arguments>
    </virtualType>

    <virtualType name="Manh\Chu\Model\Source\CustomerDisableEmailTemplate" type="Manh\Chu\Model\Source\AbstractTemplate">
        <arguments>
            <argument name="origTemplateCode" xsi:type="string">manh_companyaccount_customer_notif_customer_disable</argument>
        </arguments>
    </virtualType>

    <virtualType name="Manh\Chu\Model\Source\NewCompanyAdminEmailTemplate" type="Manh\Chu\Model\Source\AbstractTemplate">
        <arguments>
            <argument name="origTemplateCode" xsi:type="string">manh_companyaccount_customer_notif_new_admin</argument>
        </arguments>
    </virtualType>

    <virtualType name="Manh\Chu\Model\Source\AdminUnassignEmailTemplate" type="Manh\Chu\Model\Source\AbstractTemplate">
        <arguments>
            <argument name="origTemplateCode" xsi:type="string">manh_companyaccount_customer_notif_admin_unassign</argument>
        </arguments>
    </virtualType>

    <virtualType name="Manh\Chu\Model\Source\StoreCreditChanged" type="Manh\Chu\Model\Source\AbstractTemplate">
        <arguments>
            <argument name="origTemplateCode" xsi:type="string">manh_companyaccount_customer_notif_store_credit_changed</argument>
        </arguments>
    </virtualType>

    <virtualType name="Manh\Chu\Model\Source\OverdraftConfigChanged" type="Manh\Chu\Model\Source\AbstractTemplate">
        <arguments>
            <argument name="origTemplateCode" xsi:type="string">manh_companyaccount_customer_notif_overdraft_config_changed</argument>
        </arguments>
    </virtualType>

    <virtualType name="Manh\Chu\Model\Source\OverdraftUsed" type="Manh\Chu\Model\Source\AbstractTemplate">
        <arguments>
            <argument name="origTemplateCode" xsi:type="string">manh_companyaccount_customer_notif_overdraft_used</argument>
        </arguments>
    </virtualType>

    <virtualType name="Manh\Chu\Model\Source\OverdraftPenalty" type="Manh\Chu\Model\Source\AbstractTemplate">
        <arguments>
            <argument name="origTemplateCode" xsi:type="string">manh_companyaccount_customer_notif_overdraft_penalty_applied</argument>
        </arguments>
    </virtualType>

    <type name="Manh\Chu\Model\Config\Backend\UrlKey">
        <arguments>
            <argument name="data" xsi:type="array">
                <item name="escaper" xsi:type="object">Magento\Framework\Escaper</item>
            </argument>
        </arguments>
    </type>

    <type name="Manh\Chu\Model\Backend\CreditEvent\Get">
        <arguments>
            <argument name="requiredFields" xsi:type="array">
                <item name="type" xsi:type="const">Manh\Chu\Api\Data\CreditEventInterface::TYPE</item>
                <item name="amount" xsi:type="const">Manh\Chu\Api\Data\CreditEventInterface::AMOUNT</item>
            </argument>
        </arguments>
    </type>

    <type name="Manh\Chu\Model\Condition\Company">
        <arguments>
            <argument name="data" xsi:type="array">
                <item name="backendData" xsi:type="object">Magento\Backend\Helper\Data</item>
                <item name="customerResource" xsi:type="object">Manh\Chu\Model\ResourceModel\Customer</item>
            </argument>
        </arguments>
    </type>

    <type name="Magento\Sales\Block\Adminhtml\Order\Creditmemo\Create\Items">
        <plugin name="Manh_chu::addRefundButton" type="Manh\Chu\Plugin\Sales\Block\Adminhtml\Order\Creditmemo\Create\ItemsPlugin" />
    </type>

    <type name="Magento\CustomerBalance\Block\Adminhtml\Sales\Order\Creditmemo\Controls">
        <plugin name="Manh_chu::hideRefundToStoreCredit" type="Manh\Chu\Plugin\CustomerBalance\Block\Adminhtml\Sales\Order\Creditmemo\ControlsPlugin" />
    </type>
</config>
