<?xml version="1.0"?>

<config xmlns:xsi="http://www.w3.org/2001/XMLSchema-instance" xsi:noNamespaceSchemaLocation="urn:magento:framework:Event/etc/events.xsd">
    <event name="salesrule_rule_condition_combine">
        <observer name="Manh_chu::AddCondition" instance="Manh\Chu\Observer\AddCondition"/>
    </event>
    <event name="adminhtml_sales_order_create_process_data_before">
        <observer name="Manh_chu::ValidateCustomer"
                  instance="Manh\Chu\Observer\Adminhtml\Sales\ValidateCustomer"/>
    </event>
    <event name="payment_method_is_active">
        <observer name="Manh_chu::LockAdminPayments" instance="Manh\Chu\Observer\Adminhtml\PaymentMethodIsActive"/>
    </event>
</config>
