<?xml version="1.0"?>

<config xmlns:xsi="http://www.w3.org/2001/XMLSchema-instance"
        xsi:noNamespaceSchemaLocation="urn:magento:framework:Acl/etc/acl.xsd">
    <acl>
        <resources>
            <resource id="Magento_Backend::admin">
                <resource id="Magento_Customer::customer">
                    <resource id="Manh_chu::company_accounts" title="Manh Company Accounts" translate="title" sortOrder="100">
                        <resource id="Manh_chu::company_management" title="Manage Companies" translate="title" sortOrder="10"/>
                    </resource>
                </resource>
                <resource id="Magento_Backend::stores">
                    <resource id="Magento_Backend::stores_settings">
                        <resource id="Magento_Config::config">
                            <resource id="Manh_chu::config" title="Manh Company Account" sortOrder="031501" />
                        </resource>
                    </resource>
                </resource>
            </resource>
        </resources>
    </acl>
</config>
