<?xml version="1.0"?>


<config xmlns:xsi="http://www.w3.org/2001/XMLSchema-instance" xsi:noNamespaceSchemaLocation="urn:magento:framework:Acl/etc/acl.xsd">
    <acl>
        <resources>
            <resource id="Manh_chu::index" title="All" translate="title" sortOrder="10">
                <resource id="Manh_chu::company" title="Company Account" translate="title" sortOrder="10">
                    <resource id="Manh_chu::view_account" title="View" translate="title" sortOrder="10">
                        <resource id="Manh_chu::edit_account" title="Edit" translate="title" sortOrder="10"/>
                    </resource>
                </resource>
                <resource id="Manh_chu::users" title="Users" translate="title" sortOrder="20">
                    <resource id="Manh_chu::users_view" title="View" translate="title" sortOrder="10">
                        <resource id="Manh_chu::users_add" title="Add" translate="title" sortOrder="10" />
                        <resource id="Manh_chu::users_edit" title="Edit" translate="title" sortOrder="20" />
                        <resource id="Manh_chu::users_delete" title="Delete" translate="title" sortOrder="30" />
                    </resource>
                </resource>
                <resource id="Manh_chu::roles" title="Roles" translate="title" sortOrder="30">
                    <resource id="Manh_chu::roles_view" title="View" translate="title" sortOrder="10">
                        <resource id="Manh_chu::roles_add" title="Add" translate="title" sortOrder="10" />
                        <resource id="Manh_chu::roles_edit" title="Edit" translate="title" sortOrder="20" />
                        <resource id="Manh_chu::roles_delete" title="Delete" translate="title" sortOrder="30" />
                    </resource>
                </resource>
                <resource id="Manh_chu::orders" title="Orders" translate="title" sortOrder="40">
                    <resource id="Manh_chu::orders_add" title="Place (Checkout)" translate="title" sortOrder="10">
                        <resource id="Manh_chu::use_credit" title="Use Company Store Credit" translate="title" sortOrder="20" />
                    </resource>
                    <resource id="Manh_chu::orders_view" title="View (own orders)" translate="title" sortOrder="20">
                        <resource id="Manh_chu::orders_all_view"
                                  title="View (orders of all Users)" translate="title" sortOrder="10" />
                    </resource>
                </resource>
            </resource>
        </resources>
    </acl>
</config>
