<?xml version="1.0"?>


<config xmlns:xsi="http://www.w3.org/2001/XMLSchema-instance" xsi:noNamespaceSchemaLocation="urn:magento:framework:ObjectManager/etc/config.xsd">
    <preference for="Manh\Chu\Api\Data\CompanyInterface" type="Manh\Chu\Model\Company" />
    <preference for="Manh\Chu\Api\CompanyRepositoryInterface" type="Manh\Chu\Model\Repository\CompanyRepository" />
    <preference for="Manh\Chu\Api\Data\CustomerInterface" type="Manh\Chu\Model\Customer" />
    <preference for="Manh\Chu\Api\CustomerRepositoryInterface" type="Manh\Chu\Model\Repository\CustomerRepository" />
    <preference for="Manh\Chu\Api\Data\OrderInterface" type="Manh\Chu\Model\Order" />
    <preference for="Manh\Chu\Api\Data\PermissionInterface" type="Manh\Chu\Model\Permission" />
    <preference for="Manh\Chu\Api\PermissionRepositoryInterface" type="Manh\Chu\Model\Repository\PermissionRepository" />
    <preference for="Manh\Chu\Api\Data\RoleInterface" type="Manh\Chu\Model\Role" />
    <preference for="Manh\Chu\Api\RoleRepositoryInterface" type="Manh\Chu\Model\Repository\RoleRepository" />
    <preference for="Manh\Chu\Api\Data\CreditEventInterface" type="Manh\Chu\Model\CreditEvent" />
    <preference for="Manh\Chu\Api\Data\CreditInterface" type="Manh\Chu\Model\Credit" />
    <preference for="Manh\Chu\Api\Data\OverdraftInterface" type="Manh\Chu\Model\Overdraft" />
    <preference for="Manh\Chu\Api\CreditRepositoryInterface" type="Manh\Chu\Model\Repository\CreditRepository" />
    <preference for="Manh\Chu\Api\OverdraftRepositoryInterface" type="Manh\Chu\Model\Repository\OverdraftRepository" />

    <preference for="Manh\Chu\Model\Credit\Query\GetNewInterface" type="Manh\Chu\Model\Credit\Query\GetNew" />
    <preference for="Manh\Chu\Model\Credit\Query\GetByIdInterface" type="Manh\Chu\Model\Credit\Query\GetByIdCache" />
    <preference for="Manh\Chu\Model\Credit\Query\GetByCompanyIdInterface" type="Manh\Chu\Model\Credit\Query\GetByCompanyIdCache" />
    <preference for="Manh\Chu\Model\Credit\Query\GetEventsByCreditIdInterface" type="Manh\Chu\Model\Credit\Query\GetEventsByCreditId" />
    <preference for="Manh\Chu\Model\Credit\Command\SaveInterface" type="Manh\Chu\Model\Credit\Command\Save" />

    <preference for="Manh\Chu\Model\Credit\Event\Query\CreateCreditEventInterface" type="Manh\Chu\Model\Credit\Event\Query\CreateCreditEvent" />
    <preference for="Manh\Chu\Model\Credit\Event\Query\GetEventsCountInterface" type="Manh\Chu\Model\Credit\Event\Query\GetEventsCount" />

    <preference for="Manh\Chu\Model\Credit\Overdraft\Query\IsExceedInterface" type="Manh\Chu\Model\Credit\Overdraft\Query\IsExceed" />
    <preference for="Manh\Chu\Model\Credit\Overdraft\Query\IsOverdraftExistInterface" type="Manh\Chu\Model\Credit\Overdraft\Query\IsOverdraftExist" />
    <preference for="Manh\Chu\Model\Credit\Overdraft\Query\GetNewInterface" type="Manh\Chu\Model\Credit\Overdraft\Query\GetNew" />
    <preference for="Manh\Chu\Model\Credit\Overdraft\Query\GetByCreditIdInterface" type="Manh\Chu\Model\Credit\Overdraft\Query\GetByCreditIdCache" />
    <preference for="Manh\Chu\Model\Credit\Overdraft\Command\SaveInterface" type="Manh\Chu\Model\Credit\Overdraft\Command\Save" />
    <preference for="Manh\Chu\Model\Credit\Overdraft\Command\DeleteInterface" type="Manh\Chu\Model\Credit\Overdraft\Command\Delete" />

    <type name="Manh\Chu\Api\CreditRepositoryInterface">
        <arguments>
            <argument name="getNew" xsi:type="object">Manh\Chu\Model\Credit\Query\GetNewInterface\Proxy</argument>
            <argument name="getByCompanyId" xsi:type="object">Manh\Chu\Model\Credit\Query\GetByCompanyIdInterface\Proxy</argument>
            <argument name="save" xsi:type="object">Manh\Chu\Model\Credit\Command\SaveInterface\Proxy</argument>
        </arguments>
    </type>

    <type name="Manh\Chu\Api\OverdraftRepositoryInterface">
        <arguments>
            <argument name="getNew" xsi:type="object">Manh\Chu\Model\Credit\Overdraft\Query\GetNewInterface\Proxy</argument>
            <argument name="getByCreditId" xsi:type="object">Manh\Chu\Model\Credit\Overdraft\Query\GetByCreditIdInterface\Proxy</argument>
            <argument name="isExceed" xsi:type="object">Manh\Chu\Model\Credit\Overdraft\Query\IsExceedInterface\Proxy</argument>
            <argument name="commandSave" xsi:type="object">Manh\Chu\Model\Credit\Overdraft\Command\SaveInterface\Proxy</argument>
            <argument name="commandDelete" xsi:type="object">Manh\Chu\Model\Credit\Overdraft\Command\DeleteInterface\Proxy</argument>
            <argument name="isOverdraftExist" xsi:type="object">Manh\Chu\Model\Credit\Overdraft\Query\IsOverdraftExistInterface\Proxy</argument>
        </arguments>
    </type>

    <type name="Magento\Framework\EntityManager\Operation\ExtensionPool">
        <arguments>
            <argument name="extensionActions" xsi:type="array">
                <item name="Manh\Chu\Api\Data\CompanyInterface" xsi:type="array">
                    <item name="read" xsi:type="array">
                        <item name="credit" xsi:type="string">Manh\Chu\Model\Extensions\Credit\ReadHandler</item>
                    </item>
                    <item name="create" xsi:type="array">
                        <item name="credit" xsi:type="string">Manh\Chu\Model\Extensions\Credit\SaveHandler</item>
                    </item>
                    <item name="update" xsi:type="array">
                        <item name="credit" xsi:type="string">Manh\Chu\Model\Extensions\Credit\SaveHandler</item>
                    </item>
                </item>
            </argument>
        </arguments>
    </type>

    <type name="Manh\Chu\Model\Credit\Event\Validator">
        <arguments>
            <argument name="conditions" xsi:type="array">
                <item name="place_order" xsi:type="array">
                    <item name="positive_balance" xsi:type="object">Manh\Chu\Model\Credit\Event\Condition\PositiveBalance</item>
                </item>
                <item name="minus_admin" xsi:type="array">
                    <item name="positive_balance" xsi:type="object">Manh\Chu\Model\Credit\Event\Condition\PositiveBalance</item>
                </item>
            </argument>
        </arguments>
    </type>

    <type name="Magento\Framework\View\Element\UiComponent\DataProvider\CollectionFactory">
        <arguments>
            <argument name="collections" xsi:type="array">
                <item name="amcompany_company_modal_listing_data_source"
                      xsi:type="string">Manh\Chu\Model\ResourceModel\Company\Grid\Collection</item>
                <item name="am_company_listing_data_source"
                      xsi:type="string">Manh\Chu\Model\ResourceModel\Company\Grid\Collection</item>
                <item name="amcompany_company_credit_event_listing_data_source"
                      xsi:type="string">Manh\Chu\Model\ResourceModel\CreditEvent\Grid\Collection</item>
            </argument>
        </arguments>
    </type>

    <type name="Manh\Chu\Model\Source\Company\RestrictedPayments">
        <arguments>
            <argument name="additionalPayments" xsi:type="array">
                <item name="wps_express" xsi:type="array">
                    <item name="code" xsi:type="const">Magento\Paypal\Model\Config::METHOD_WPS_EXPRESS</item>
                    <item name="label" xsi:type="string" translate="true">Payments Standard</item>
                </item>
            </argument>
        </arguments>
    </type>

    <virtualType name="Manh\Chu\Acl\AclResource\Config\Reader\Filesystem"
                 type="Magento\Framework\Acl\AclResource\Config\Reader\Filesystem">
        <arguments>
            <argument name="fileName" xsi:type="string">amcompany_acl.xml</argument>
        </arguments>
    </virtualType>

    <!-- Virtual type for backward compatibility. So the class name is not changed -->
    <!-- TODO delete virtual type -->
    <virtualType name="Manh\Chu\Acl\AclResource\Provider"
                 type="Manh\Chu\Model\Company\Role\Acl\ResourceProvider"/>

    <type name="Manh\Chu\Model\Company\Role\Acl\ResourceProvider">
        <arguments>
            <argument name="configReader"
                      xsi:type="object">Manh\Chu\Acl\AclResource\Config\Reader\Filesystem</argument>
            <argument name="cacheKey" xsi:type="string">amcompany_acl_cache</argument>
        </arguments>
    </type>

    <type name="Manh\Chu\Block\Roles\Role\Create">
        <arguments>
            <argument name="aclProvider"
                      xsi:type="object">Manh\Chu\Model\Company\Role\Acl\ResourceProvider</argument>
        </arguments>
    </type>

    <type name="Manh\Chu\Model\Company\CompanyManagement">
        <arguments>
            <argument name="aclProvider"
                      xsi:type="object">Manh\Chu\Model\Company\Role\Acl\ResourceProvider</argument>
        </arguments>
    </type>

    <type name="Magento\Customer\Api\CustomerRepositoryInterface">
        <plugin name="amCompanyCustomer" type="Manh\Chu\Plugin\Customer\Api\CustomerRepositoryPlugin" />
    </type>

    <type name="Magento\Sales\Api\OrderRepositoryInterface">
        <plugin name="Manh_chu::amCompanyOrder" type="Manh\Chu\Plugin\Sales\Api\OrderRepositoryPlugin" />
    </type>

    <type name="Magento\Customer\Model\AccountManagement">
        <plugin name="Manh_chu::lockCustomerLogin" type="Manh\Chu\Plugin\Customer\Model\AccountManagementPlugin" />
    </type>

    <type name="Manh\Chu\Model\Condition\Company">
        <arguments>
            <argument name="data" xsi:type="array">
                <item name="customerResource" xsi:type="object">Manh\Chu\Model\ResourceModel\Customer</item>
            </argument>
        </arguments>
    </type>

    <type name="Magento\Sales\Model\Service\OrderService">
        <plugin name="Manh_chu::saveOrder" type="Manh\Chu\Plugin\Sales\Model\Service\OrderServicePlugin" />
    </type>

    <type name="Amazon\Payment\Gateway\Config\Config">
        <plugin name="Manh_chu::checkAmazonPayment" type="Manh\Chu\Plugin\Amazon\Payment\Gateway\Config\ConfigPlugin" />
    </type>

    <type name="Amazon\Core\Helper\Data">
        <plugin name="Manh_chu::checkAmazonPaymentButton" type="Manh\Chu\Plugin\Amazon\Core\Helper\DataPlugin" />
    </type>

    <type name="Magento\Paypal\Model\Config">
        <plugin name="Manh_chu::checkPaypalPayment" type="Manh\Chu\Plugin\Paypal\Model\ConfigPlugin" />
    </type>

    <type name="Magento\Sales\Controller\Order\Reorder">
        <plugin name="Manh_chu::disable-reorder" type="Manh\Chu\Plugin\Sales\Controller\Order\ReorderPlugin" />
    </type>

    <type name="Magento\Sales\Controller\Order\PrintAction">
        <plugin name="Manh_chu::disable-print" type="Manh\Chu\Plugin\Sales\Controller\Order\PrintActionPlugin" />
    </type>

    <!-- start payment method section -->
    <virtualType name="ManhCompanyCreditFacade" type="Magento\Payment\Model\Method\Adapter">
        <arguments>
            <argument name="code" xsi:type="const">Manh\Chu\Model\Payment\ConfigProvider::METHOD_NAME</argument>
            <argument name="formBlockType" xsi:type="string">Magento\Payment\Block\Form</argument>
            <argument name="infoBlockType" xsi:type="string">Manh\Chu\Block\Payment\Info</argument>
            <argument name="valueHandlerPool" xsi:type="object">ManhCompanyCreditValueHandlerPool</argument>
            <argument name="validatorPool" xsi:type="object">ManhCompanyCreditValidatorPool</argument>
            <argument name="commandPool" xsi:type="object">ManhCompanyCreditCommandPool</argument>
        </arguments>
    </virtualType>
    <virtualType name="ManhCompanyCreditValueHandlerPool" type="Magento\Payment\Gateway\Config\ValueHandlerPool">
        <arguments>
            <argument name="handlers" xsi:type="array">
                <item name="default" xsi:type="string">ManhCompanyCreditDefaultValueHandler</item>
                <item name="active" xsi:type="string">Manh\Chu\Model\Payment\Gateway\Config\ActiveHandler</item>
                <item name="payment_action" xsi:type="string">Manh\Chu\Model\Payment\Gateway\Config\PaymentActionValueHandler</item>
                <item name="can_capture" xsi:type="string">Manh\Chu\Model\Payment\Gateway\Config\CanCaptureValueHandler</item>
            </argument>
        </arguments>
    </virtualType>
    <virtualType name="ManhCompanyCreditConfig" type="Magento\Payment\Gateway\Config\Config">
        <arguments>
            <argument name="methodCode" xsi:type="const">Manh\Chu\Model\Payment\ConfigProvider::METHOD_NAME</argument>
        </arguments>
    </virtualType>
    <virtualType name="ManhCompanyCreditDefaultValueHandler" type="Magento\Payment\Gateway\Config\ConfigValueHandler">
        <arguments>
            <argument name="configInterface" xsi:type="object">ManhCompanyCreditConfig</argument>
        </arguments>
    </virtualType>
    <type name="Manh\Chu\Model\Payment\Gateway\Config\ActiveHandler">
        <arguments>
            <argument name="configInterface" xsi:type="object">ManhCompanyCreditConfig</argument>
        </arguments>
    </type>
    <type name="Manh\Chu\Model\Payment\Gateway\Config\PaymentActionValueHandler">
        <arguments>
            <argument name="configInterface" xsi:type="object">ManhCompanyCreditConfig</argument>
        </arguments>
    </type>
    <type name="Manh\Chu\Model\Payment\Gateway\Config\CanCaptureValueHandler">
        <arguments>
            <argument name="configInterface" xsi:type="object">ManhCompanyCreditConfig</argument>
        </arguments>
    </type>
    <type name="Manh\Chu\Model\Payment\Gateway\Command\SaleCommand">
        <arguments>
            <argument name="configInterface" xsi:type="object">ManhCompanyCreditConfig</argument>
        </arguments>
    </type>
    <virtualType name="ManhCompanyCreditCommandPool" type="Magento\Payment\Gateway\Command\CommandPool">
        <arguments>
            <argument name="commands" xsi:type="array">
                <item name="order" xsi:type="string">Manh\Chu\Model\Payment\Gateway\Command\SaleCommand</item>
                <item name="capture" xsi:type="string">Manh\Chu\Model\Payment\Gateway\Command\SaleCommand</item>
                <item name="cancel" xsi:type="string">Manh\Chu\Model\Payment\Gateway\Command\CancelCommand</item>
                <item name="refund" xsi:type="string">Manh\Chu\Model\Payment\Gateway\Command\RefundCommand</item>
            </argument>
        </arguments>
    </virtualType>
    <virtualType name="ManhCompanyCreditCountryValidator" type="Magento\Payment\Gateway\Validator\CountryValidator">
        <arguments>
            <argument name="config" xsi:type="object">ManhCompanyCreditConfig</argument>
        </arguments>
    </virtualType>
    <virtualType name="ManhCompanyCreditValidatorPool" type="Magento\Payment\Gateway\Validator\ValidatorPool">
        <arguments>
            <argument name="validators" xsi:type="array">
                <item name="country" xsi:type="string">ManhCompanyCreditCountryValidator</item>
            </argument>
        </arguments>
    </virtualType>
    <!-- end payment method section -->

    <type name="Manh\Chu\Model\Company\Role\Acl\CreditPaymentStrategy">
        <arguments>
            <argument name="config" xsi:type="object">ManhCompanyCreditConfig</argument>
        </arguments>
    </type>

    <type name="Manh\Chu\Model\Company\Role\Acl\IsAclShowed">
        <arguments>
            <argument name="strategies" xsi:type="array">
                <item name="default" xsi:type="object">Manh\Chu\Model\Company\Role\Acl\DefaultStrategy</item>
                <item name="Manh_chu::use_credit" xsi:type="object">Manh\Chu\Model\Company\Role\Acl\CreditPaymentStrategy</item>
            </argument>
        </arguments>
    </type>

    <type name="Manh\Chu\Model\Credit\AppendCreditEvent">
        <arguments>
            <argument name="changeActions" xsi:type="array">
                <item name="default" xsi:type="object">Manh\Chu\Model\Credit\Event\Action\DefaultStrategy\Proxy</item>
                <item name="minus_admin" xsi:type="object">Manh\Chu\Model\Credit\Event\Action\IssuedCreditStrategy\Proxy</item>
                <item name="added_admin" xsi:type="object">Manh\Chu\Model\Credit\Event\Action\IssuedCreditStrategy\Proxy</item>
                <item name="repaid_company" xsi:type="object">Manh\Chu\Model\Credit\Event\Action\BePaidStrategy\Proxy</item>
                <item name="overdraft_penalty" xsi:type="object">Manh\Chu\Model\Credit\Event\Action\BePaidStrategy\Proxy</item>
                <item name="cancel_order" xsi:type="object">Manh\Chu\Model\Credit\Event\Action\BePaidStrategy\Proxy</item>
                <item name="refund_order" xsi:type="object">Manh\Chu\Model\Credit\Event\Action\BePaidStrategy\Proxy</item>
                <item name="place_order" xsi:type="object">Manh\Chu\Model\Credit\Event\Action\PlaceOrderStrategy\Proxy</item>
                <item name="place_order_overdraft" xsi:type="object">Manh\Chu\Model\Credit\Event\Action\PlaceOrderStrategy\Proxy</item>
            </argument>
        </arguments>
    </type>

    <type name="Manh\Chu\Model\Credit\Event\Comment\FormatComments">
        <arguments>
            <argument name="retrievers" xsi:type="array">
                <item name="comment" xsi:type="object">Manh\Chu\Model\Credit\Event\Comment\DefaultRetrieveStrategy</item>
                <item name="order" xsi:type="object">Manh\Chu\Model\Credit\Event\Comment\OrderRetrieveStrategy</item>
                <item name="overdraft_sum" xsi:type="object">Manh\Chu\Model\Credit\Event\Comment\OverdraftSumRetrieveStrategy</item>
                <item name="repay_date" xsi:type="object">Manh\Chu\Model\Credit\Event\Comment\RepayDateRetrieveStrategy</item>
            </argument>
        </arguments>
    </type>

    <type name="Manh\Groupcat\Model\Rule\Condition\Customer\Combine">
        <plugin name="Manh_chu::addConditionForGroupCat" type="Manh\Chu\Plugin\Groupcat\Model\Rule\Condition\Customer\Combine\AddCompanyCondition" />
    </type>
</config>
