<?xml version="1.0"?>


<config xmlns:xsi="http://www.w3.org/2001/XMLSchema-instance" xsi:noNamespaceSchemaLocation="urn:magento:module:Magento_Email:etc/email_templates.xsd">
    <template id="manh_companyaccount_admin_notif_new_company_request"
              label="New Company Registration Request"
              file="manh_companyaccount_admin_notif_new_company_request.html"
              type="html"
              module="Manh_chu"
              area="frontend"
    />
    <template id="manh_companyaccount_admin_notif_new_company_create"
              label="New Company Creation"
              file="manh_companyaccount_admin_notif_new_company_create.html"
              type="html"
              module="Manh_chu"
              area="frontend"
    />
    <template id="manh_companyaccount_admin_notif_sales_representative_appointment"
              label="Appointment of Sales Representative"
              file="manh_companyaccount_admin_notif_sales_representative_appointment.html"
              type="html"
              module="Manh_chu"
              area="frontend"
    />
    <template id="manh_companyaccount_customer_notif_active_status"
              label="Company Account Status Set to Active"
              file="manh_companyaccount_customer_notif_active_status.html"
              type="html"
              module="Manh_chu"
              area="frontend"
    />
    <template id="manh_companyaccount_customer_notif_inactive_status"
              label="Company Account Status Set to Inactive"
              file="manh_companyaccount_customer_notif_inactive_status.html"
              type="html"
              module="Manh_chu"
              area="frontend"
    />
    <template id="manh_companyaccount_customer_notif_rejected_status"
              label="Company Account Status Set to Rejected"
              file="manh_companyaccount_customer_notif_rejected_status.html"
              type="html"
              module="Manh_chu"
              area="frontend"
    />
    <template id="manh_companyaccount_customer_notif_customer_linking"
              label="Customer is Linked to the Company"
              file="manh_companyaccount_customer_notif_customer_linking.html"
              type="html"
              module="Manh_chu"
              area="frontend"
    />
    <template id="manh_companyaccount_customer_notif_customer_disable"
              label="Customer Disabled"
              file="manh_companyaccount_customer_notif_customer_disable.html"
              type="html"
              module="Manh_chu"
              area="frontend"
    />
    <template id="manh_companyaccount_customer_notif_new_admin"
              label="Company Administrator Appointment"
              file="manh_companyaccount_customer_notif_new_admin.html"
              type="html"
              module="Manh_chu"
              area="frontend"
    />
    <template id="manh_companyaccount_customer_notif_admin_unassign"
              label="Company Administrator Unassignment"
              file="manh_companyaccount_customer_notif_admin_unassign.html"
              type="html"
              module="Manh_chu"
              area="frontend"
    />
    <template id="manh_companyaccount_customer_notif_store_credit_changed"
              label="Store Credit Changed by Admin"
              file="manh_companyaccount_customer_notif_store_credit_changed.html"
              type="html"
              module="Manh_chu"
              area="frontend"
    />
    <template id="manh_companyaccount_customer_notif_overdraft_config_changed"
              label="Changes in Overdraft Configuration"
              file="manh_companyaccount_customer_notif_overdraft_config_changed.html"
              type="html"
              module="Manh_chu"
              area="frontend"
    />
    <template id="manh_companyaccount_customer_notif_overdraft_used"
              label="Overdraft Used"
              file="manh_companyaccount_customer_notif_overdraft_used.html"
              type="html"
              module="Manh_chu"
              area="frontend"
    />
    <template id="manh_companyaccount_customer_notif_overdraft_penalty_applied"
              label="Overdue Penalty Applied to Overdraft"
              file="manh_companyaccount_customer_notif_overdraft_penalty_applied.html"
              type="html"
              module="Manh_chu"
              area="frontend"
    />
</config>
