<?xml version="1.0"?>

<config xmlns:xsi="http://www.w3.org/2001/XMLSchema-instance" xsi:noNamespaceSchemaLocation="urn:magento:framework:Event/etc/events.xsd">
    <event name="checkout_submit_before">
        <observer name="Manh_chu::LockPlaceOrder" instance="Manh\Chu\Observer\CheckoutSubmitBefore"/>
    </event>

    <event name="payment_method_is_active">
        <observer name="Manh_chu::LockPayments" instance="Manh\Chu\Observer\PaymentMethodIsActive"/>
    </event>
    <event name="order_cancel_after">
        <observer name="Manh_chu::ReturnCompanyCredit" instance="Manh\Chu\Observer\ReturnCompanyCredit"/>
    </event>
</config>
