<?xml version="1.0"?>

<routes xmlns:xsi="http://www.w3.org/2001/XMLSchema-instance" xsi:noNamespaceSchemaLocation="urn:magento:module:Magento_Webapi:etc/webapi.xsd">
    <route url="/V1/amcompany/company/:companyId" method="GET">
        <service class="Manh\Chu\Api\CompanyRepositoryInterface" method="getById"/>
        <resources>
            <resource ref="Manh_chu::company_management" />
        </resources>
    </route>
    <route url="/V1/amcompany/company" method="POST">
        <service class="Manh\Chu\Api\CompanyRepositoryInterface" method="save"/>
        <resources>
            <resource ref="Manh_chu::company_management" />
        </resources>
    </route>
    <route url="/V1/amcompany/company/:companyId" method="PUT">
        <service class="Manh\Chu\Api\CompanyRepositoryInterface" method="save"/>
        <resources>
            <resource ref="Manh_chu::company_management" />
        </resources>
    </route>
    <route url="/V1/amcompany/company/:companyId" method="DELETE">
        <service class="Manh\Chu\Api\CompanyRepositoryInterface" method="deleteById"/>
        <resources>
            <resource ref="Manh_chu::company_management" />
        </resources>
    </route>

    <route url="/V1/amcompany/credit/:companyId" method="GET">
        <service class="Manh\Chu\Api\CreditRepositoryInterface" method="getByCompanyId"/>
        <resources>
            <resource ref="Manh_chu::company_management" />
        </resources>
    </route>
    <route url="/V1/amcompany/credit/:companyId" method="PUT">
        <service class="Manh\Chu\Api\CreditRepositoryInterface" method="save"/>
        <resources>
            <resource ref="Manh_chu::company_management" />
        </resources>
    </route>

    <route url="/V1/amcompany/customer/:companyId" method="POST">
        <service class="Manh\Chu\Api\CustomerRepositoryInterface" method="assignToCompany"/>
        <resources>
            <resource ref="Manh_chu::company_management" />
        </resources>
    </route>
    <route url="/V1/amcompany/customer/:customerId" method="DELETE">
        <service class="Manh\Chu\Api\CustomerRepositoryInterface" method="delete"/>
        <resources>
            <resource ref="Manh_chu::company_management" />
        </resources>
    </route>
</routes>
