<?xml version="1.0"?>
<schema xmlns:xsi="http://www.w3.org/2001/XMLSchema-instance"
        xsi:noNamespaceSchemaLocation="urn:magento:framework:Setup/Declaration/Schema/etc/schema.xsd">
    <table name="tigren_merchant" resource="default" engine="innodb" comment="Tigren Merchant">
        <column xsi:type="int" name="merchant_id" unsigned="true" nullable="false" identity="true" comment="Merchant ID" />
        <column xsi:type="varchar" name="merchant_code" nullable="false" length="256" comment="Merchant Code" />
        <column xsi:type="varchar" name="merchant_name" nullable="false" length="256" comment="Merchant Name" />
        <column xsi:type="varchar" name="contact_person_name" nullable="false" length="256" comment="Contact Person Name" />
        <column xsi:type="varchar" name="email_address" nullable="false" length="256" comment="Email Address" />
        <column xsi:type="varchar" name="website" nullable="false" length="256" comment="Website" />
        <column xsi:type="text" name="logo" nullable="false" comment="Logo" />
        <column xsi:type="text" name="logo_thumbnail" nullable="false" comment="Logo Thumbnail" />
        <column xsi:type="varchar" name="phone_number" nullable="false" length="64" comment="Phone Number" />
        <column xsi:type="text" name="address" nullable="false" comment="Address" />
        <column xsi:type="varchar" name="mobile_number" nullable="false" length="64" comment="Mobile Number" />
        <column xsi:type="text" name="brief_description" nullable="false" comment="Brief Description" />
        <column xsi:type="timestamp" name="creation_time" on_update="false" nullable="false" default="CURRENT_TIMESTAMP"
                comment="Merchant Creation Time"/>
        <column xsi:type="timestamp" name="update_time" on_update="true" nullable="false" default="CURRENT_TIMESTAMP"
                comment="Merchant Modification Time"/>
        <constraint xsi:type="primary" referenceId="PRIMARY">
            <column name="merchant_id" />
        </constraint>
        <index referenceId="TIGREN_MERCHANT_MERCHANT_ID" indexType="btree">
            <column name="merchant_id" />
        </index>
    </table>

    <table name="tigren_merchant_product_price" resource="default" engine="innodb" comment="Tigren Merchant Product Prices">
        <column xsi:type="int" name="entity_id" unsigned="true" nullable="false" identity="true" comment="Entity ID" />
        <column xsi:type="int" name="merchant_id" unsigned="true" nullable="false" identity="false" comment="Merchant ID" />
        <column xsi:type="int" name="product_id" unsigned="true" nullable="false" identity="false" comment="Product ID" />
        <column xsi:type="text" name="denominations" nullable="true" comment="Denominations" />
        <column xsi:type="decimal" name="nrp" scale="4" precision="20" unsigned="false" nullable="true"
                comment="Net Retail Price"/>
        <column xsi:type="decimal" name="vat" scale="4" precision="20" unsigned="false" nullable="true"
                comment="VAT"/>
        <column xsi:type="decimal" name="rrp" scale="4" precision="20" unsigned="false" nullable="true"
                comment="Recommended Retail Price (RRP)"/>
        <column xsi:type="decimal" name="discount" scale="4" precision="20" unsigned="false" nullable="true"
                comment="Discount"/>
        <column xsi:type="decimal" name="other_fees" scale="4" precision="20" unsigned="false" nullable="true"
                comment="Other Fees"/>
        <constraint xsi:type="primary" referenceId="PRIMARY">
            <column name="entity_id" />
        </constraint>
        <constraint xsi:type="foreign" referenceId="FK_TIGREN_MERCHANT_PRODUCT_PRICE_MERCHANT_ID_TIGREN_MERCHANT_MERCHANT_ID"
                    table="tigren_merchant_product_price" column="merchant_id"
                    referenceTable="tigren_merchant" referenceColumn="merchant_id"
                    onDelete="CASCADE"/>
        <constraint xsi:type="foreign" referenceId="FK_TIGREN_MERCHANT_PRODUCT_PRICE_PRODUCT_ID_CATALOG_PRODUCT_ENTITY_ID"
                    table="tigren_merchant_product_price" column="product_id"
                    referenceTable="catalog_product_entity" referenceColumn="entity_id"
                    onDelete="CASCADE"/>
        <index referenceId="TIGREN_MERCHANT_PRODUCT_PRICE_ENTITY_ID" indexType="btree">
            <column name="entity_id" />
        </index>
        <index referenceId="TIGREN_MERCHANT_PRODUCT_PRICE_MERCHANT_ID" indexType="btree">
            <column name="merchant_id" />
        </index>
        <index referenceId="TIGREN_MERCHANT_PRODUCT_PRICE_PRODUCT_ID" indexType="btree">
            <column name="product_id" />
        </index>
    </table>
</schema>
