{
    "tigren_merchant": {
        "column": {
            "merchant_id": true,
            "merchant_code": true,
            "merchant_name": true,
            "contact_person_name": true,
            "email_address": true,
            "website": true,
            "logo": true,
            "logo_thumbnail": true,
            "phone_number": true,
            "address": true,
            "mobile_number": true,
            "brief_description": true,
            "creation_time": true,
            "update_time": true
        },
        "index": {
            "TIGREN_MERCHANT_MERCHANT_ID": true
        },
        "constraint": {
            "PRIMARY": true
        }
    }
}