<?xml version="1.0"?>
<config xmlns:xsi="http://www.w3.org/2001/XMLSchema-instance" xsi:noNamespaceSchemaLocation="urn:magento:framework:ObjectManager/etc/config.xsd">
    <preference for="Tigren\MerchantManagement\Api\Data\MerchantInterface" type="Tigren\MerchantManagement\Model\Merchant" />
    <preference for="Tigren\MerchantManagement\Api\MerchantRepositoryInterface" type="Tigren\MerchantManagement\Model\Repository\MerchantRepository" />
    <preference for="Tigren\MerchantManagement\Api\ScheduleManagementInterface" type="Tigren\MerchantManagement\Model\ScheduleManagement" />
    <preference for="Tigren\MerchantManagement\Api\ScheduleRepositoryInterface" type="Tigren\MerchantManagement\Model\ScheduleRepository" />

    <type name="Magento\Framework\View\Element\UiComponent\DataProvider\CollectionFactory">
        <arguments>
            <argument name="collections" xsi:type="array">
                <item name="merchant_merchant_listing_data_source" xsi:type="string">Tigren\MerchantManagement\Model\ResourceModel\Merchant\Grid\Collection</item>
            </argument>
        </arguments>
    </type>
    <preference for="Tigren\MerchantManagement\Api\Data\ProductPriceInterface"
                type="Tigren\MerchantManagement\Model\Data\ProductPrice"/>
</config>
